key,file,chars,spiking,nmnist,gesture,cifar10,energy_units,rram,mram,pcm,fefet,sram,verdict
S6JMM7VG,Eshraghian et al. - 2023 - Training Spiking Neural Networks Using Lessons Fro.pdf,211321,787,2,1,2,0,7,0,0,0,0,
ZDFGP6B8,Tavanaei et al. - 2019 - Deep Learning in Spiking Neural Networks.pdf,114887,544,5,0,9,0,1,0,0,0,0,
HH7QULRG,Pfeiffer and Pfeil - 2018 - Deep Learning With Spiking Neurons Opportunities .pdf,121278,515,2,0,3,7,2,0,0,1,0,"Review: its Table 1 cites TrueNorth CIFAR-10 89.3%, 164 uJ (Esser 2016, SRAM digital)"
E4HNMWDN,Fang et al. - 2023 - SpikingJelly An open-source machine learning infr.pdf,110108,512,2,8,2,0,0,0,0,0,0,
3CBVTVVC,Beigne et al. - 2019 - Spiking Neural Networks Hardware Implementations a.pdf,140882,480,4,0,1,6,16,1,3,0,0,Review (Beigne 2019): no new per-sample numbers on our datasets
VFQT5IKF,Paugam-Moisy and Bohte - 2012 - Computing with Spiking Neuron Networks.pdf,127980,468,0,0,0,0,0,0,0,0,0,
BQEEG2B6,Syed et al. - 2021 - Exploring optimized spiking neural network archite.pdf,78193,395,0,0,42,0,1,0,0,0,0,
ETG8Y93I,Han et al. - 2020 - RMP-SNN Residual Membrane Potential Neuron for En.pdf,49765,323,0,0,15,0,0,0,0,0,0,
9CBXAEWM,Asghar et al. - 2021 - A Low-Power Spiking Neural Network Chip Based on a.pdf,53730,289,0,0,0,0,2,0,0,0,0,
94KEEIDZ,Roy et al. - 2019 - Towards spike-based machine intelligence with neur.pdf,84930,286,0,0,0,0,27,8,12,0,4,
8UPJ39D8,Camu#U00f1as-Mesa et al. - 2019 - Neuromorphic Spiking Neural Networks and Their Mem.pdf,105961,281,1,0,1,2,57,0,1,2,0,
SR7JK6GV,Guo et al. - 2021 - Neural Coding in Spiking Neural Networks A Compar.pdf,84761,277,9,0,0,0,1,0,1,0,0,
5G93XNV9,Dorzhigulov and Saxena - 2023 - Spiking CMOS-NVM mixed-signal neuromorphic ConvNet with circuit- and training-optimized temporal sub.pdf,89100,257,8,0,24,2,39,0,1,2,4,"QUALIFIES but 130nm: RRAM estimated; CIFAR-10 61.74%, 181 uJ"
V9YK77LT,Frenkel et al. - 2018 - A 0.086-mm$^2$ 12.7-pJSOP 64k-Synapse 256-Neuron .pdf,88947,243,0,0,0,15,0,0,0,0,30,
HTHXLLQT,Wang et al. - 2025 - Fully Integrated Memristive Spiking Neural Network with Analog Neurons for High-Speed Event-Based Da.pdf,76588,239,8,23,0,2,41,0,1,0,1,QUALIFIES but 180nm: RRAM measured; Gesture 93.06% 1.94 uJ; N-MNIST 94.73% 1.78 uJ
HRVSUKIF,Shrestha and Orchard - 2018 - SLAYER Spike Layer Error Reassignment in Time.pdf,35650,222,9,5,0,0,0,0,0,0,0,
Z4K79ZIU,Indiveri and Liu - 2015 - Memory and Information Processing in Neuromorphic Systems.pdf,116538,206,0,0,0,0,13,5,3,2,2,
X68U5ZMU,Ivanov et al. - 2022 - Neuromorphic artificial intelligence systems.pdf,93438,200,0,0,1,3,11,0,5,1,15,"Review: cites SynSense Dynap-CNN CIFAR-10 90%, 1 mJ; Gesture 89%, 10 mW (company figures)"
KTH4QAXV,Hazan et al. - 2018 - BindsNET A Machine Learning-Oriented Spiking Neur.pdf,73983,197,6,0,4,0,0,0,0,0,0,
ZPWRYKM4,Cordone et al. - 2022 - Object Detection with Spiking Neural Networks on A.pdf,43927,190,0,0,0,0,0,0,0,0,0,
U5YMEFJA,Davies et al. - 2018 - Loihi A Neuromorphic Manycore Processor with On-C.pdf,58979,190,0,0,0,0,0,0,0,0,3,
I5RYGHHT,Rajendran et al. - 2019 - Low-Power Neuromorphic Hardware for Signal Process.pdf,69770,189,0,0,0,1,25,10,19,0,8,
UKD49NA2,Mukhopadhyay et al. - 2018 - Power efficient Spiking Neural Network Classifier .pdf,42367,185,0,0,0,0,14,0,0,0,2,
GZFQ2EYP,Yin et al. - 2023 - Accurate online training of dynamical spiking neur.pdf,58842,184,3,17,11,0,0,0,0,0,0,
FQQPP6FR,Xiao et al. - 2022 - Online Training Through Time for Spiking Neural Ne.pdf,77767,183,2,8,40,0,0,0,0,0,0,
X7Y96PI8,"Fu et al. - 2024 - DS-CIM A 40nm Asynchronous Dual-Spike Driven, MRAM Compute-In-Memory Macro for Spiking Neural Netwo.pdf",60045,182,1,2,0,9,4,90,0,0,0,"QUALIFIES: SOT-MRAM 40nm sim; Gesture 90.00%, 729.3 nJ (735.35 in Table III)"
CP8QBMVH,Wu et al. - 2022 - Brain-inspired global-local learning incorporated .pdf,89464,178,17,10,19,0,0,0,0,0,0,
2ASGMJHZ,Pathak et al. - 2017 - Low Power Implantable Spike Sorting Scheme Based o.pdf,33502,177,0,0,0,0,0,0,0,1,0,
BB8DCPHT,Diware et al. - 2025 - Adaptive Multi-Threshold Encoding for Energy-Efficient ECG Classification Architecture Using Spiking.pdf,36852,172,0,0,0,1,1,0,0,0,6,
HXSTER5A,Gr#U00fcning and Boht#U00e9 - 2014 - Spiking Neural Networks Principles and Challenges.pdf,31490,171,0,0,0,0,0,0,0,0,0,
VYBFMAD6,Su et al. - 2023 - Deep Directly-Trained Spiking Neural Networks for .pdf,52617,170,0,0,0,1,0,0,0,0,0,
7DG67A2Y,Schuman et al. - 2019 - Non-Traditional Input Encoding Schemes for Spiking.pdf,49249,168,0,0,0,0,1,0,0,0,0,
2KRN43IW,Dutta et al. - 2020 - Supervised Learning in All FeFET-Based Spiking Neu.pdf,71267,164,0,0,0,0,6,2,14,149,3,
D5Z7SXPI,Chowdhury et al. - 2020 - Towards Understanding the Effect of Leak in Spikin.pdf,48959,163,0,0,7,0,0,0,0,0,0,
GNA9I5DL,Schuman et al. - 2019 - Non-Traditional Input Encoding Schemes for Spiking.pdf,46717,160,0,0,0,0,1,0,0,0,0,
4QQB3FPP,ANP-I_A_28-nm_1.5-pJ_SOP_Asynchronous_Spiking_Neural_Network_Processor_Enabling_Sub-0.1-_J_Sample_On-Chip_Learning_for_Edge-AI_Applications.pdf,62354,153,12,7,1,1,0,0,0,0,2,QUALIFIES (SRAM): 28nm measured; N-MNIST 96.0% 343 nJ; Gesture 92.0% 3.9 uJ
NJSHK582,Kim et al. - 2023 - Neuro-CIM ADC-Less Neuromorphic Computing-in-Memo.pdf,68514,153,0,0,22,5,0,0,0,0,9,"QUALIFIES (SRAM): Neuro-CIM 28nm measured; CIFAR-10 92.1%, 0.72 uJ"
UBKBLDN5,Kim et al. - 2023 - Neuro-CIM ADC-Less Neuromorphic Computing-in-Memo.pdf,66612,153,0,0,22,5,0,0,0,0,9,Same as Neuro-CIM above (duplicate)
XK4XHE6V,Zhang et al. - 2024 - ANP-I A 28-nm 1.5-pJSOP Asynchronous Spiking Neural Network Processor Enabling Sub-0.1-#U03bc JSample.pdf,63938,153,12,7,1,1,0,0,0,0,2,Same as ANP-I above (duplicate)
7EXPQZAK,Jiang et al. - 2023 - Tempo-CIM A RRAM Compute-in-Memory Neuromorphic Accelerator With Area-Efficient LIF Neuron and Spli.pdf,66507,150,1,0,0,1,42,0,3,1,1,No: Tempo-CIM RRAM 40nm; MNIST only
C4X6PIGA,Akopyan et al. - 2015 - TrueNorth Design and Tool Flow of a 65 mW 1 Milli.pdf,126840,141,0,0,0,0,0,0,0,0,57,
TN3GVYLG,Bhattacharjee et al. - 2022 - Examining the Robustness of Spiking Neural Network.pdf,31736,140,0,0,14,0,21,0,0,0,0,
U37PFULK,Lee et al. - 2025 - BiNeuroRAM Energy-Efficient ReRAM-Based PIM for Accurate Bipolar Spiking Neural Network Acceleratio.pdf,45211,138,0,0,11,0,40,0,0,0,4,"QUALIFIES: RRAM 28nm sim; CIFAR-10 89.2%, 0.73 uJ (ResNet-20)"
N9SZCZEM,Chakraborty et al. - 2019 - A Photonic In-Memory Computing primitive for Spiki.pdf,67326,137,0,0,0,3,8,0,14,0,1,
7C8VXDUA,Iakymchuk et al. - 2011 - Simplified spiking neural network architecture and.pdf,36570,134,0,0,0,0,0,0,0,0,0,
3JBX25QH,Verma et al. - 2023 - Neuromorphic Accelerator for Spiking Neural Network Using SOT-MRAM Crossbar Array.pdf,38038,134,0,0,4,0,12,110,9,1,8,"No energy/sample: Verma SOT-MRAM 45nm; CIFAR-10 89%, total energy of unspecified scope"
Y8SLX4WV,Diehl and Cook - 2015 - Unsupervised learning of digit recognition using s.pdf,51063,131,0,0,0,0,2,0,0,0,0,
FJ2N2CWS,Fouda et al. - 2019 - Spiking Neural Networks for Inference and Learning.pdf,85646,130,0,0,0,0,54,2,1,1,2,
6S3LQVU8,Kornijcuk et al. - 2016 - Leaky integrate-and-fire neuron circuit based on f.pdf,70736,128,0,0,0,0,1,0,0,1,0,
BPX34T6M,Frenkel et al. - 2019 - MorphIC A 65-nm 738k-Synapsemm2 Quad-Core Binary.pdf,75938,126,0,0,2,25,1,0,0,0,45,No: MorphIC SRAM 65nm; MNIST (CIFAR-10 only in a reference)
QI2I47M9,Oh et al. - 2021 - Spiking Neural Networks With Time-to-First-Spike C.pdf,42309,117,0,0,0,0,2,0,1,0,0,
ERAVYRJQ,D#U2019Agostino et al. - 2024 - DenRAM neuromorphic dendritic architecture with R.pdf,76440,109,0,0,0,0,97,0,1,5,0,
JDDFXFXC,Lele et al. - 2024 - A Heterogeneous RRAM In-Memory and SRAM Near-Memor.pdf,63965,109,0,0,0,2,61,0,0,0,30,
U8NPGMCM,M.Sc._Thesis_Report_Yash_Biyani_5396859.pdf,109383,107,0,0,0,0,54,3,2,1,2,
E63Y34UC,Li et al. - 2026 - A spiking neural network-in-logic architecture based on reconfigurable molybdenum disulfide dual-gat.pdf,65194,105,0,2,0,0,2,0,0,21,0,Same as above (duplicate)
9HL7GGTB,s41928-026-01706-0.pdf,65194,105,0,2,0,0,2,0,0,21,0,No: MoS2 ferroelectric SNN-in-logic; MNIST/SVHN
TCENAW2N,Benjamin et al. - 2014 - Neurogrid A Mixed-Analog-Digital Multichip System.pdf,87482,104,0,0,0,1,0,0,0,0,6,
Z8GU2R8E,Yang et al. - 2020 - Analog Circuit Implementation of LIF and STDP Mode.pdf,27509,104,0,0,0,0,0,0,0,0,0,
3WZLJGCV,Duan et al. - 2020 - Spiking neurons with spatiotemporal dynamics and g.pdf,66602,102,0,0,0,0,36,0,0,0,0,
IWXRP55Z,Nguyen et al. - 2021 - STT-BSNN An In-Memory Deep Binary Spiking Neural Network Based on STT-MRAM.pdf,60914,96,0,0,11,0,6,107,1,0,0,"No energy/sample: STT-BSNN 65nm; CIFAR-10 83.85%, TOPS/W per subarray"
LRZFG98E,STT-BSNN_An_In-Memory_Deep_Binary_Spiking_Neural_Network_Based_on_STT-MRAM.pdf,60914,96,0,0,11,0,6,107,1,0,0,Same as STT-BSNN above (duplicate)
FUHZ6WTE,Liu et al. - 2025 - Ferroelectric-based neuromorphic memory devices for bio-inspired computing.pdf,155842,95,0,0,0,4,15,9,9,568,0,
XAC2ZJUW,Brette and Gerstner - 2005 - Adaptive Exponential Integrate-and-Fire Model as a.pdf,35017,94,0,0,0,0,0,0,0,0,0,
QP9WGH2V,Yu - 2018 - Neuro-Inspired Computing With Emerging Nonvolatile.pdf,126066,88,0,0,3,2,48,2,43,17,15,
7E8I462Z,Yu - 2018 - Neuro-inspired computing with emerging nonvolatile.pdf,126014,88,0,0,3,2,48,2,43,17,15,
8FTWJXWT,2088.pdf,13199,87,0,0,0,4,3,0,0,0,0,
AMKYNAW4,Mehonic and Kenyon - 2022 - Brain-inspired computing needs a master plan.pdf,43064,85,0,0,0,0,4,0,0,0,0,
VZZJ58DS,Yu et al. - 2025 - An Event-Driven Spiking Compute-In-Memory Macro based on SOT-MRAM.pdf,23447,78,0,0,0,0,11,72,0,0,2,
MMVINABZ,Han et al. - 2022 - Efficient Discrete Temporal Coding Spike-Driven In-Memory Computing Macro for Deep Neural Network Ba.pdf,55747,77,0,0,8,2,16,3,4,3,5,"QUALIFIES: RRAM 65nm sim; CIFAR-10 88%, 21.74 uJ"
RZ58DTES,Lee et al. - 2025 - BiNeuroRAM Energy-Efficient ReRAM-Based PIM for Accurate Bipolar Spiking Neural Network Acceleratio.pdf,55747,77,0,0,8,2,16,3,4,3,5,Wrong attachment on BiNeuroRAM item (contains Han et al.)
3AVDABXS,Wijekoon and Dudek - 2008 - Compact silicon neuron circuit with spiking and bu.pdf,36019,77,0,0,0,1,0,0,0,0,0,
4JAS8WZF,Yeh et al. - 2022 - POPPINS  A Population-Based Digital Spiking Neuro.pdf,26929,77,0,0,0,0,0,0,0,0,10,
IRZHT66I,Orchard et al. - 2015 - Converting Static Image Datasets to Spiking Neurom.pdf,48826,76,24,0,0,0,0,0,0,0,0,
UX8HTVAP,Huijbregts et al. - 2024 - Energy-efficient SNN Architecture using 3nm FinFET Multiport SRAM-based CIM with Online Learning.pdf,31762,74,0,0,0,0,0,0,0,0,67,
DDHKJIKW,Zhang et al. - 2020 - Neuro-inspired computing chips.pdf,74339,73,0,0,0,1,30,3,4,9,15,
6FCCEWGU,Xia and Yang - 2019 - Memristive crossbar arrays for brain-inspired comp.pdf,89143,71,0,0,0,0,67,0,8,0,2,
DWXWCCPS,Abunahla et al. - 2023 - Analog monolayer SWCNTs-based memristive 2D struct.pdf,37515,69,0,0,0,0,11,0,0,0,0,
53RQTGDH,Matsui et al. - 2024 - FeFET Local Multiply and Global Accumulate Voltage-Sensing Computation-In-Memory Circuit Design for.pdf,57197,68,0,0,0,0,18,3,2,199,2,
9H3E643T,Matsui et al. - 2024 - FeFET Local Multiply and Global Accumulate Voltage-Sensing Computation-In-Memory Circuit Design for.pdf,57161,68,0,0,0,0,18,3,2,199,2,
XP7L7J66,Zhao et al. - 2020 - Reliability of analog resistive switching memory f.pdf,102086,65,0,0,0,0,58,1,37,1,4,
I5WFHAZ8,Aguirre et al. - 2024 - Hardware implementation of memristor-based artificial neural networks.pdf,225633,62,0,0,9,1,151,7,18,5,22,
SDHAGNPF,Kamimura et al. - 2019 - Parallel Product-Sum Operation Neuromorphic Systems with 4-bit Ferroelectric FET Synapses.pdf,22737,61,0,0,0,0,26,5,0,56,0,
XPV3P6JW,A_28-nm_Convolutional_Neuromorphic_Processor_Enabling_Online_Learning_with_Spike-Based_Retinas.pdf,29958,60,3,0,0,10,0,0,0,0,11,Same as SPOON above (duplicate)
CWRYGVUF,Frenkel et al. - 2020 - A 28-nm Convolutional Neuromorphic Processor Enabling Online Learning with Spike-Based Retinas.pdf,29773,60,3,0,0,10,0,0,0,0,11,"QUALIFIES (SRAM): SPOON 28nm measured; N-MNIST 93.8%, 665 nJ"
UPTQS75I,Furber et al. - 2014 - The SpiNNaker project.pdf,65209,60,0,0,0,0,0,0,0,0,0,
Z9BQLM7U,2019 - Building brain-inspired computing.pdf,34874,57,0,0,0,0,1,0,0,0,0,
HLBLTZEY,Boahen - 2022 - Dendrocentric learning for synthetic intelligence.pdf,50376,57,0,0,0,2,0,0,0,16,0,
INK4YQKN,Park - 2020 - Neuromorphic Computing Using Emerging Synaptic Dev.pdf,48141,57,0,0,0,0,30,53,19,0,4,
RUCHQ7GA,Gomony et al. - Invited Achieving PetaOpsW edge-AI processing.pdf,23988,54,0,0,0,2,16,4,3,4,11,
8JCM5M8H,Sebastian et al. - 2020 - Memory devices and applications for in-memory comp.pdf,110742,54,0,0,4,0,81,25,39,9,43,
8Z58CTZ3,Grollier et al. - 2020 - Neuromorphic spintronics.pdf,74857,53,0,0,0,3,10,8,2,0,0,
Q2ATETAV,Yanguas-Gil et al. - 2019 - The Insect Brain as a Model System for Low Power E.pdf,32046,51,0,0,0,0,2,0,0,0,0,
UJJET4LJ,Izhikevich - 2003 - Simple model of spiking neurons.pdf,20945,50,0,0,0,0,0,0,0,0,0,
NG8RLGWB,Kumar et al. - 2020 - Third-order nanocircuit elements for neuromorphic .pdf,36248,50,0,0,0,0,3,0,0,0,0,
QBGK7J6U,"Park et al. - 2024 - Multi-level, forming and filament free, bulk switc.pdf",58447,48,0,0,0,0,142,1,4,3,0,
V5XZX6IS,Dutta et al. - Leaky Integrate and Fire Neuron by Charge-Discharg.pdf,24927,45,0,0,0,0,2,0,6,0,1,
V2TFAEPS,Biyani et al. - 2025 - C3CIM Constant Column Current Memristor-Based Computation-in-Memory Micro-Architecture.pdf,34582,44,6,0,0,0,14,0,2,0,0,Our own C3CIM paper
379CRMKS,REGEV et al. - 2020 - Fully-Integrated Spiking Neural Network Using SiOx.pdf,17935,44,0,0,0,0,19,0,0,0,0,
VCY6ZMZU,Bhardwaj et al. - 2025 - Towards Capacitive In-Memory-computing A perspective on the future of AI hardware.pdf,83805,43,0,0,2,0,49,52,25,123,0,
GJPL89PH,Chen et al. - 2025 - Emerging 2D Ferroelectric Devices for In-Sensor and In-Memory Computing.pdf,102610,42,0,0,0,0,0,0,0,273,0,
X2H5ITIE,Upadhyay et al. - 2019 - Emerging Memory Devices for Neuromorphic Computing.pdf,65035,39,0,0,0,0,12,9,21,27,0,
5MTBCMU9,Valentian et al. - 2019 - Fully Integrated Spiking Neural Network with Analog Neurons and RRAM Synapses.pdf,13804,37,0,0,0,0,26,0,0,0,0,
B92G3N88,Bains - 2020 - The business of building brains.pdf,20606,34,0,0,0,0,0,0,0,0,0,
4MR8IRXN,Singh et al. - 2021 - SRIF Scalable and Reliable Integrate and Fire Cir.pdf,81746,34,0,0,0,0,42,3,3,0,5,
TL5TIS8S,Singh et al. - 2021 - SRIF Scalable and Reliable Integrate and Fire Cir.pdf,81830,34,0,0,0,0,42,3,3,0,5,
X9NJKIHL,Yang et al. - 2026 - NeuDW-CIM a 65-nm 0.8-pJSop Reconfigurable Neuromorphic Compute-in-Memory Macro with Nonlinear Den.pdf,18623,34,14,11,0,1,0,0,0,0,14,"No energy/sample: NeuDW-CIM SRAM 65nm; N-MNIST 97.2%, Gesture 95.5%, pJ/SOP only"
3JI458NA,Tenwar et al. - 2026 - E-ReCON An Energy- and Resource-Efficient Precision-Configurable Sparse nvCIM Macro for Conventiona.pdf,35677,31,0,0,9,0,63,1,0,0,16,Same as E-ReCON above (duplicate)
ZXEXQ8XF,Tenwar et al. - 2026 - E-ReCON An Energy- and Resource-Efficient Precision-Configurable Sparse nvCIM Macro for Conventiona.pdf,35677,31,0,0,9,0,63,1,0,0,16,No energy/sample: E-ReCON ReRAM 65nm; CIFAR-10 SNN accuracy only
AQQWIDPY,Pedretti and Ielmini - 2021 - In-Memory Computing with Resistive Memory Circuits.pdf,82779,28,0,0,0,0,81,10,9,7,3,
P5VCP5QR,Ielmini and Wong - 2018 - In-memory computing with resistive switching devic.pdf,77422,27,0,0,0,0,60,22,46,17,2,
3E5AGREY,Frenkel and Indiveri - 2022 - ReckOn A 28nm Sub-mm2 Task-Agnostic Spiking Recurrent Neural Network Processor Enabling On-Chip Lea.pdf,13307,25,0,1,0,4,0,0,0,0,4,"QUALIFIES (SRAM): 28nm measured; Gesture 87.3%, 46.1 uJ"
UYAR3DT9,ReckOn_A_28nm_Sub-mm2_Task-Agnostic_Spiking_Recurrent_Neural_Network_Processor_Enabling_On-Chip_Learning_over_Second-Long_Timescales.pdf,13765,25,0,1,0,4,0,0,0,0,4,Same as ReckOn above (duplicate)
FG2RDGTW,Kim et al. - 2021 - 4K-memristor analog-grade passive crossbar circuit.pdf,59882,24,0,0,0,0,23,0,5,3,0,
XXHWVVLV,Mayr et al. - 2019 - SpiNNaker 2 A 10 Million Core Processor System fo.pdf,12601,24,0,0,0,0,0,0,0,0,1,
ZNB5GEQL,Yao et al. - 2020 - Fully hardware-implemented memristor convolutional.pdf,77930,23,0,0,2,0,12,0,2,0,0,
KCAH2LUC,Kim et al. - 2022 - CMOS-compatible compute-in-memory accelerators based on integrated ferroelectric synaptic arrays for.pdf,55488,21,0,0,7,0,1,0,2,99,0,
HEE7589L,Silva et al. - 2023 - Roadmap on ferroelectric hafnia- and zirconia-based materials and devices.pdf,428357,21,0,0,0,2,4,1,2,289,4,
447D4UPN,Xiang et al. - 2023 - Enhancing Memory Window Efficiency of Ferroelectric Transistor for Neuromorphic Computing via Two-Di.pdf,53116,20,0,0,0,0,0,0,0,122,0,
3SESZT59,Yan et al. - 2019 - RRAM-based Spiking Nonvolatile Computing-In-Memory Processing Engine with Precision-Configurable In.pdf,13100,20,0,0,3,0,29,0,0,0,4,"No: Yan VLSI'19 RRAM 150nm; MNIST, CIFAR-10 relative accuracy only"
CSTGCP3P,Yan et al. - 2019 - RRAM-based Spiking Nonvolatile Computing-In-Memory Processing Engine with Precision-Configurable In.pdf,13098,20,0,0,3,0,29,0,0,0,4,Same as Yan above (duplicate)
884IM7EJ,Khan et al. - 2020 - The future of ferroelectric field-effect transistor technology.pdf,61948,18,0,0,0,0,8,17,7,263,2,
PH9AZSMT,Ajayan et al. - 2023 - Ferroelectric Field Effect Transistors (FeFETs) A.pdf,117853,17,0,0,0,0,3,2,0,542,4,
E65N79SW,Hung et al. - 2021 - Challenges and Trends of Nonvolatile In-Memory-Com.pdf,64363,17,0,0,4,0,35,4,8,0,9,
2ZGF6L5I,Jain et al. - 2019 - Neural network accelerator design with resistive c.pdf,77108,17,0,0,0,0,17,0,4,4,4,
WYUGLVXZ,Wang et al. - 2018 - Fully memristive neural networks for pattern class.pdf,45873,17,0,0,0,0,20,0,2,0,0,
66UWHR6E,"Amir et al. - 2017 - A Low Power, Fully Event-Based Gesture Recognition.pdf",45379,16,0,3,0,0,0,0,0,0,0,"TrueNorth gesture (Amir 2017): 96.5%, <200 mW, no energy/sample"
IB2EWYCN,Amirsoleimani et al. - 2020 - In-Memory Vector-Matrix Multiplication in Monolith.pdf,115362,16,0,0,0,0,61,0,5,1,7,
ZT4P985L,Kim et al. - 2021 - Ferroelectric field effect transistors Progress and perspective.pdf,92309,16,0,0,0,0,1,0,1,310,1,
EVJ7W8VB,Li et al. - 2024 - High-performance ferroelectric field-effect transistors with ultra-thin indium tin oxide channels fo.pdf,46296,16,0,0,0,0,2,0,0,159,0,
D628PLMS,Ankit et al. - 2019 - PUMA A Programmable Ultra-efficient Memristor-bas.pdf,99021,15,0,0,0,1,17,2,1,0,6,
322MAF5A,Chi et al. - 2016 - PRIME A Novel Processing-in-Memory Architecture f.pdf,72456,14,0,0,0,0,114,4,9,0,2,
A48RV927,2020 - Computing on the brain.pdf,6056,13,0,0,0,0,2,0,1,0,0,
V44GZ3LC,Shafiee et al. - 2016 - ISAAC A Convolutional Neural Network Accelerator .pdf,80577,13,0,0,0,0,6,0,2,0,8,
4UAELWA2,3451212.pdf,90664,12,0,0,0,1,96,5,4,0,4,
LBKHVJN3,P#U00e9rez et al. - 2021 - Optimization of Multi-Level Operation in RRAM Arra.pdf,45648,11,0,0,0,0,67,0,0,0,2,
JE9M2YEE,Raffel et al. - 2022 - Interfacial Layer Engineering to Enhance Noise Imm.pdf,23065,11,0,0,0,0,1,0,1,47,1,
2DRYS449,Laleni et al. - 2024 - Single Slope ADC with Reset Counting for FeFET-based In-Memory Computing.pdf,23806,10,0,0,0,0,4,2,0,50,2,
QAHXZMC9,Raffel et al. - 2023 - 28#U00a0nm high-k-metal gate ferroelectric field effect transistors based synapses #U2014 A comprehensive over.pdf,36628,10,0,0,0,0,3,2,6,98,1,
9PYWXY53,Gebregiorgis et al. - 2023 - Tutorial on memristor-based computing for smart ed.pdf,58512,9,0,0,0,0,38,11,18,0,8,
YJL8CA4A,Jain and Raghunathan - 2019 - CxDNN Hardware-software Compensation Methods for .pdf,68556,9,0,0,0,0,9,0,2,0,2,
J8PA2ILA,Cao et al. - 2023 - A Ternary Weight Mapping and Charge-mode Readout Scheme for Energy Efficient FeRAM Crossbar Compute-.pdf,23137,8,0,0,0,0,6,0,4,10,1,
KQAMQES5,Luo et al. - 2019 - MLP+NeuroSimV3.0 Improving On-chip Learning Perfo.pdf,38319,8,0,0,0,27,9,20,26,17,29,
3YAZL93Y,Morris and Lecar - 1981 - Voltage oscillations in the barnacle giant muscle .pdf,59153,8,0,0,0,0,0,0,0,0,0,
MEY8JB34,Singh et al. - 2021 - Low-Power Memristor-Based Computing for Edge-AI Ap.pdf,29727,8,0,0,0,0,14,7,6,0,1,
WWJWCW5S,Singh et al. - 2021 - Low-Power Memristor-Based Computing for Edge-AI Ap.pdf,29757,8,0,0,0,0,14,7,6,0,1,
7LG27KL4,Yaldagard et al. - 2026 - Detection of Read-Disturb Effects in RRAM-Based Computation-in-Memory Architectures for Neural Netwo.pdf,68522,8,0,0,0,0,136,1,2,0,2,
6VTDR55L,El Arrassi et al. - 2025 - DREAM-CIM A Digital SRAM-Based CIM Accelerator for Energy- and Area-Efficient Edge AI.pdf,54597,7,0,0,7,8,3,3,3,3,79,No: DREAM-CIM SRAM CNN (not SNN); CIFAR-10 11 mJ
M68IQ8RH,Lederer et al. - 2021 - Ferroelectric Field Effect Transistors as a Synapse for Neuromorphic Application.pdf,34141,7,0,0,0,0,3,0,1,89,0,
T6CHJVGJ,Lederer et al. - 2021 - Ferroelectric Field Effect Transistors as a Synapse for Neuromorphic Application.pdf,34123,7,0,0,0,0,3,0,1,89,0,
2U8NQ8TT,Yu et al. - 2021 - Compute-in-Memory Chips for Deep Learning Recent .pdf,118557,7,0,0,17,0,99,41,15,19,95,
PFWCMXRT,"Andrulis et al. - 2024 - CiMLoop A Flexible, Accurate, and Fast Compute-In.pdf",81565,6,0,0,1,0,30,1,1,0,20,
JCG5QM74,Beyer et al. - 2020 - FeFET A versatile CMOS compatible device with gam.pdf,18490,6,0,0,0,0,0,0,0,95,5,
9BGKAICS,Cao et al. - 2020 - NeuADC Neural Network-Inspired Synthesizable Anal.pdf,79478,6,0,0,0,0,93,0,1,0,0,
4HKAJILJ,Diware et al. - 2023 - Severity-Based Hierarchical ECG Classification Using Neural Networks.pdf,79256,6,0,0,0,15,33,1,0,0,1,
27CG2LMM,Yu et al. - 2021 - Ferroelectric HfO2-based synaptic devices recent trends and prospects.pdf,71823,6,0,0,5,0,10,7,5,185,11,
SA8M2NXI,2024 - FMFC FeFET-based Multi-frequency Circuit Design f.pdf,43610,5,0,0,0,0,6,0,0,90,1,
37D3YKCT,Jung et al. - 2022 - A crossbar array of magnetoresistive memory device.pdf,56279,5,0,0,0,2,3,72,2,0,1,
6B7ETSJI,Long et al. - 2019 - A Ferroelectric FET-Based Processing-in-Memory Arc.pdf,46906,5,0,0,0,0,23,0,0,73,4,
LEM5L59G,"Marinella et al. - 2017 - Multiscale Co-Design Analysis of Energy, Latency, .pdf",81432,5,0,0,0,75,102,0,2,1,31,
YSPNI7L9,Razavi - 2017 - Design of analog CMOS integrated circuits.pdf,1582524,5,0,0,0,2,0,0,1,0,0,
94G89PRL,Wang et al. - 2024 - Enabling Low-Power Charge-Domain Nonvolatile Compu.pdf,37352,5,0,0,4,0,3,3,0,43,1,
I63LP2B5,Chen et al. - 2025 - Low-power edge detection based on ferroelectric fi.pdf,46710,4,0,0,0,2,10,0,0,79,1,
N498BFCN,De et al. - 2022 - 28 nm HKMG-Based Current Limited FeFET Crossbar-Array for Inference Application.pdf,24368,4,0,0,0,0,1,1,1,61,0,
KU8AITKB,Khaddam-Aljameh et al. - 2022 - HERMES-Core#U2014A 1.59-TOPSmm2 PCM on 14-nm CMOS In-Memory Compute Core Using 300-psLSB Linearized CCO.pdf,65800,4,0,0,9,0,15,0,47,0,19,
RQW848M4,Lee et al. - 2019 - Exploring Cycle-to-Cycle and Device-to-Device Vari.pdf,40516,4,0,0,0,0,5,0,6,0,4,
3A5EZX58,Li et al. - 2018 - Analogue signal and image processing with large me.pdf,47347,4,0,0,0,0,6,0,0,0,0,
R7PGVYB7,Mukherjee et al. - 2023 - Capacitive Memory Window With Non-Destructive Read.pdf,26239,4,0,0,0,0,0,0,0,26,0,
RSPMXSWD,Sun et al. - 2019 - Solving matrix equations in one step with cross-po.pdf,43269,4,0,0,0,0,30,0,6,0,0,
97WZWJ9B,Thakuria et al. - 2019 - Oscillators Utilizing Ferroelectric-Based Transistors and Their Coupled Dynamics.pdf,48712,4,0,0,0,0,0,0,0,62,8,
5JAYCGVY,Wan et al. - 2022 - A compute-in-memory chip based on resistive random-access memory.pdf,113875,4,0,0,19,0,141,0,6,1,2,
LPRLBTKC,Yoon et al. - 2019 - Design space exploration of Ferroelectric FET based Processing-in-Memory DNN Accelerator.pdf,16702,4,0,0,0,0,0,0,0,47,0,
9XQSFUUR,"Aziz et al. - 2018 - Computing with ferroelectric FETs Devices, models.pdf",59312,3,0,0,0,0,12,5,2,203,2,
QCD4H5FB,De et al. - 2022 - Demonstration of Multiply-Accumulate Operation wit.pdf,21656,3,0,0,0,0,0,0,1,50,0,
UK7RQ9UK,FitzHugh - 1961 - Impulses and Physiological States in Theoretical M.pdf,50070,3,0,0,0,0,0,0,0,0,0,
L4JBKDAS,Gebregiorgis et al. - 2022 - A Survey on Memory-centric Computer Architectures.pdf,169966,3,0,0,0,0,64,40,3,0,25,
8IRTWUQR,Hu et al. - 2018 - Memristor#U2010Based Analog Computation and Neural Netw.pdf,48892,3,0,0,0,0,1,0,3,0,0,
T6U8MVVG,Hu et al. - 2018 - Memristor-Based Analog Computation and Neural Netw.pdf,52008,3,0,0,0,0,1,0,3,0,0,
2ZSB7W74,Hung et al. - 2021 - A four-megabit compute-in-memory macro with eight-.pdf,68257,3,0,0,8,0,52,0,1,0,5,
SBBR4HNP,Hwang et al. - 2024 - The Effect of FerroelectricDielectric Capacitance Ratio on Short-Term Retention Characteristics of.pdf,23725,3,0,0,0,0,0,0,0,99,0,
6SANBF64,Molas et al. - 2016 - Functionality and reliability of resistive RAM (RR.pdf,9876,3,0,0,0,0,42,0,0,0,0,
J22J9XTK,Singh et al. - 2025 - Recent advancements and progress in development of ferroelectric field effect transistor A review.pdf,60371,3,0,0,0,0,0,0,0,220,1,
FRTDS47M,Sk et al. - 2023 - 1F-1T Array Current Limiting Transistor Cascoded FeFET Memory Array for Variation Tolerant Vector-M.pdf,30146,3,0,0,0,2,4,0,3,84,0,
DPJGX7TJ,Vardar et al. - 2025 - Reliable multi-level cell programming in FeFET arrays for in-memory computing.pdf,22145,3,0,0,0,0,2,1,1,81,0,
YNJWGTPH,Wu et al. - 2018 - A Methodology to Improve Linearity of Analog RRAM for Neuromorphic Computing.pdf,9479,3,0,0,0,0,30,0,0,0,0,
NLIEGSUT,Feng et al. - 2024 - A ferroelectric fin diode for robust non-volatile .pdf,62399,2,0,0,0,0,3,1,2,132,0,
2YYGITI5,Guido et al. - 2024 - Ferroelectric Al0.85Sc0.15N and Hf0.5Zr0.5O2 Domain Switching Dynamics.pdf,68253,2,0,0,0,0,0,0,0,83,3,
Z6SPDXU2,Hsu et al. - 2024 - A Nonvolatile AI-Edge Processor With SLC#U2013MLC Hybri.pdf,56196,2,0,0,3,0,25,5,1,0,21,
ZSJYNACE,Kim et al. - 2023 - Scalable CMOS back-end-of-line-compatible AlScNtwo-dimensional channel ferroelectric field-effect t.pdf,51700,2,0,0,0,0,0,0,0,30,0,
QRWK5TAC,"Li et al. - 2022 - A 40-nm MLC-RRAM Compute-in-Memory Macro With Sparsity Control, On-Chip Write-Verify, and Temperatur.pdf",49977,2,0,0,6,0,103,2,0,1,9,
5YT8KI2Y,Li et al. - 2023 - Monolithic three-dimensional integration of RRAM-b.pdf,49706,2,0,0,0,0,85,0,0,3,0,
CU3DZFQJ,Negi et al. - 2024 - HCiM ADC-Less Hybrid Analog-Digital Compute in Me.pdf,36669,2,0,0,4,0,5,0,0,0,6,
I52QRLFZ,Park et al. - 2018 - Review and perspective on ferroelectric HfO2-based thin films for memory applications.pdf,75068,2,0,0,0,0,1,0,0,268,0,
DM3PDUVL,Park et al. - 2023 - Laterally gated ferroelectric field effect transistor (LG-FeFET) using #U03b1-In2Se3 for stacked in-memor.pdf,52912,2,0,0,1,0,0,0,2,111,0,
KLLPAK3K,"Singh et al. - 2023 - A 115.1 TOPSW, 12.1 TOPSmm 2 Computat.pdf",25437,2,0,0,0,0,6,0,4,0,5,
22BA8CPW,Soliman et al. - 2022 - FELIX A Ferroelectric FET Based Low Power Mixed-Signal In-Memory Architecture for DNN Acceleration.pdf,79761,2,0,0,4,0,15,5,2,118,0,
7JUEJSF7,Soliman et al. - 2022 - FELIX A Ferroelectric FET Based Low Power Mixed-Signal In-Memory Architecture for DNN Acceleration.pdf,79761,2,0,0,4,0,15,5,2,118,0,
C7MJPZ9N,Wang et al. - 2021 - RRAM-enabled AI Accelerator Architecture.pdf,18074,2,0,0,2,0,45,0,0,0,0,
5FXUBY2C,Wang et al. - 2025 - A near-threshold memristive computing-in-memory engine for edge intelligence.pdf,54104,2,0,0,7,0,31,0,6,1,6,
ULB3QMVD,Wolters et al. - 2024 - Memory Is All You Need An Overview of Compute-in-Memory Architectures for Accelerating Large Langua.pdf,74675,2,0,0,0,4,34,7,8,9,8,
5P6C29SN,Yakopcic et al. - 2014 - Hybrid crossbar architecture for a memristor based.pdf,27935,2,0,0,0,0,6,30,1,0,11,
8KAXMDX5,Yang et al. - 2026 - FeFET-Based Analog In-Memory Computing With Inherent Shift-and-Add Capability.pdf,80686,2,0,0,8,0,9,1,7,173,18,
6WURGDAA,Yu et al. - 2018 - Memristive devices for computation-in-memory.pdf,33232,2,0,0,0,0,68,0,0,1,20,
8CBIA3LK,Yu et al. - 2018 - Memristive devices for computation-in-memory.pdf,33610,2,0,0,0,0,68,0,0,1,21,
P4NCRYEI,Yu et al. - 2024 - Ferroelectric capacitors and field-effect transist.pdf,68191,2,0,0,9,0,8,2,2,141,3,
SHQ5B9E9,Yu et al. - 2024 - Ferroelectric capacitors and field-effect transistors as in-memory computing elements for machine le.pdf,68191,2,0,0,9,0,8,2,2,141,3,
8R433MTM,Zhang et al. - 2023 - Design and Optimization of FeFET Based CiM for Neural Network Acceleration.pdf,19581,2,0,0,0,0,5,0,0,55,6,
5G2CCM52,Zhou et al. - 2024 - Low Power and Temperature- Resilient Compute-In-Memory Based on Subthreshold-FeFET.pdf,32328,2,0,0,12,4,7,4,3,133,4,
A2G3XX38,Bishnoi et al. - 2023 - Energy-efficient Computation-In-Memory Architecture using Emerging Technologies.pdf,52509,1,0,0,0,0,38,6,0,37,3,
K5B96AR3,Chen et al. - 2021 - CAP-RAM A Charge-Domain In-Memory Computing 6T-SRAM for Accurate and Precision-Programmable CNN Inf.pdf,61293,1,0,0,4,0,1,0,0,0,63,
62P4FBWK,Diware et al. - 2023 - Accurate and Energy-Efficient Bit-Slicing for RRAM.pdf,70582,1,1,0,8,0,83,1,0,0,2,
XYQPPGZC,Diware et al. - 2024 - Dynamic Detection and Mitigation of Read-disturb f.pdf,23257,1,0,0,4,0,14,0,0,0,0,
M34NL7CZ,Diware et al. - 2024 - Dynamic Detection and Mitigation of Read-disturb for Accurate Memristor-based Neural Networks.pdf,23252,1,0,0,4,0,14,0,0,0,0,
6RCMVUZS,Duan et al. - 2024 - Variation Tolerant and Energy-Efficient Charge Domain Compute-in-Memory Array with Binary and Multi-.pdf,26111,1,0,0,2,0,1,0,0,98,1,
V57DZCDD,El Arrassi et al. - 2024 - AFSRAM-CIM Adder Free SRAM-Based Digital Computation-in-Memory for BNN.pdf,31273,1,0,0,0,0,2,0,0,0,59,
XRQN5W7C,Esmanhotto et al. - 2022 - Experimental Demonstration of Multilevel Resistive.pdf,40622,1,0,0,0,0,49,0,2,0,0,
XSS5L8PL,Fick et al. - 2017 - Analog in-memory subthreshold deep neural network .pdf,18022,1,0,0,0,0,0,0,0,0,0,
8QZ6SEMS,Gonugondla et al. - 2020 - Fundamental Limits on the Precision of In-memory Architectures.pdf,45909,1,0,0,1,1,5,0,1,0,17,
FNSICNV4,Hamdioui et al. - 2015 - Memristor based computation-in-memory architecture for data-intensive applications.pdf,47881,1,0,0,0,0,24,0,0,0,4,
GGNYRJR7,Hamdioui et al. - 2019 - Applications of Computation-In-Memory Architecture.pdf,35094,1,0,0,0,2,21,0,8,0,1,
PPLDHJA5,Han et al. - 2016 - EIE Efficient Inference Engine on Compressed Deep Neural Network.pdf,61317,1,0,0,0,0,0,0,0,0,59,
3JVP7QUE,In-memory computing with emerging memory devices.pdf,5053,1,0,0,0,0,5,4,1,2,0,
DCVVLPIW,Jiang et al. - 2023 - ENNA An Efficient Neural Network Accelerator Desi.pdf,52034,1,0,0,6,0,44,0,4,4,16,
42ZT52UN,Jiang et al. - 2024 - CSA-CiM Enhancing Multi-Functional Computing-in-M.pdf,33635,1,0,0,0,0,6,2,0,51,2,
7HY5IGRR,Jouppi et al. - 2017 - In-datacenter performance analysis of a tensor pro.pdf,77064,1,0,0,0,0,1,0,0,0,2,
DMSRIDTK,Khwa et al. - 2025 - A mixed-precision memristor and SRAM compute-in-memory AI processor.pdf,75584,1,0,0,9,4,18,3,2,0,78,
MP4EE2FM,Kiene et al. - 2023 - A 1-GSs 6#U20138-b Cryo-CMOS SAR ADC for Quantum Computing.pdf,62529,1,0,0,0,0,0,0,0,0,5,
VZE6IIW8,Kugeler et al. - 2008 - Fast resistance switching of TiO2 and MSQ thin fil.pdf,22628,1,0,0,0,0,2,0,0,0,0,
H59ZELL5,Laleni et al. - 2024 - A High-Efficiency Charge-Domain Compute-in-Memory 1F1C Macro Using 2-bit FeFET Cells for DNN Process.pdf,40838,1,0,0,3,0,14,2,4,117,4,
3IIFC9VR,Lehninger et al. - 2022 - Integration of BEoL Compatible 1T1C FeFET Memory Into an Established CMOS Technology.pdf,19014,1,0,0,0,0,0,0,0,47,0,
YTHQBU7L,Liao et al. - 2023 - Van der Waals Ferroelectric Semiconductor Field Effect Transistor for In-Memory Computing.pdf,40770,1,0,0,0,0,2,0,0,55,0,
TNKJ2DJQ,Liu et al. - 2020 - 33.2 A Fully Integrated Analog ReRAM Based 78.4TOP.pdf,11673,1,0,0,0,0,17,0,0,0,0,
3WHWR2DE,Liu et al. - 2024 - KAN Kolmogorov-Arnold Networks.pdf,128121,1,0,0,0,0,0,0,0,0,0,
GIXQ7358,Liu et al. - 2025 - A 28 nm 576K RRAM-based computing-in-memory macro featuring hybrid programming with area efficiency.pdf,28568,1,0,0,0,0,40,0,1,0,2,
2D75QYSA,Ma et al. - 2023 - A 2-Transistor-2-Capacitor Ferroelectric Edge Compute-in-Memory Scheme With Disturb-Free Inference a.pdf,21726,1,0,0,4,0,0,0,0,37,0,
D2VHIS56,Pantha et al. - 2025 - Addressing the Connectivity Bottleneck With BEOL FeFETs for 3-D CMOS + X Ising Machines.pdf,37018,1,0,0,0,0,0,0,0,91,1,
JDSEYU82,Park et al. - 2020 - Unlocking wordline-level parallelism for fast infe.pdf,60822,1,0,0,12,0,85,0,0,0,0,
ZI2Y8T7F,Phadke et al. - 2024 - (Invited) Ferroelectric Nonvolatile Capacitive Syn.pdf,25789,1,0,0,0,0,0,0,0,57,0,
LDQ2DCCF,Priya et al. - 2023 - Novel Low Power Cross-Coupled FET-Based Sense Ampl.pdf,40273,1,0,0,0,0,1,1,0,0,67,
JFSS7QUG,Pu et al. - 2024 - A 174nW Event-Driven Keyword Spotting ASIC with DC-Drift-Resilient Dual-Mode DeltaSAR Quantizer and.pdf,17256,1,0,0,0,0,0,0,0,0,17,
8MX6RCHE,"Ros#U00f2#U0140 and Kmon - 2022 - 8-bit Low-Power, Low-Area SAR ADC for Biomedical Multichannel Integrated Recording System in CMOS 40.pdf",17063,1,0,0,0,0,0,0,0,0,0,
IVCZ4SES,Soliman et al. - 2023 - First demonstration of in-memory computing crossbar using multi-level Cell FeFET.pdf,47844,1,0,0,4,0,3,3,1,128,1,
9B3GK7ZC,Tang et al. - 2023 - Low-Power and Scalable BEOL-Compatible IGZO TFT eDRAM-Based Charge-Domain Computing.pdf,80424,1,0,0,1,0,2,0,0,5,11,
637B6HS4,Thakuria et al. - 2024 - SiTe CiM Signed Ternary Computing-in-Memory for Ultra-Low Precision Deep Neural Networks.pdf,69380,1,0,0,0,0,3,1,0,20,73,
DWI9YAM6,Wang et al. - 2021 - A 40-nm Ultra-Low Leakage Voltage-Stacked SRAM for.pdf,21603,1,0,0,0,0,0,0,0,0,53,
PXFPINAL,Xie et al. - 2023 - A High-Parallelism RRAM-Based Compute-In-Memory Macro With Intrinsic Impedance Boosting and In-ADC C.pdf,43207,1,0,0,4,0,98,0,0,0,2,
URW85WDX,Yin et al. - 2019 - An Ultra-Dense 2FeFET TCAM Design Based on a Multi.pdf,28146,1,0,0,0,0,28,2,1,146,2,
CVUCV7MB,Yin et al. - 2021 - Enabling Lower-Power Charge-Domain Nonvolatile In-Memory Computing With Ferroelectric FETs.pdf,27118,1,0,0,4,1,8,2,0,54,16,
TDKVKRY7,Zhou et al. - 2024 - TReCiM Lower Power and Temperature-Resilient Multibit 2FeFET-1T Compute-in-Memory Design.pdf,45302,1,0,0,9,0,4,0,3,148,0,
3ISIRGDB,"Zhou et al. - 2025 - Ferroelectric capacitive memories devices, arrays, and applications.pdf",68995,1,0,0,0,0,7,3,6,127,1,
AYA8WIX7,Zhou et al. - 2025 - TReCiM Lower Power and Temperature-Resilient Multibit 2FeFET-1T Compute-in-Memory Design.pdf,43283,1,0,0,9,0,4,0,3,148,0,
XHQRNCBN,10374322.html,0,0,0,0,0,0,0,0,0,0,0,no text (web page/spreadsheet)
GHZBATNG,10431721.html,0,0,0,0,0,0,0,0,0,0,0,no text (web page/spreadsheet)
9N8BVVF4,10546372.html,0,0,0,0,0,0,0,0,0,0,0,no text (web page/spreadsheet)
W6DFY6US,1257420.html,0,0,0,0,0,0,0,0,0,0,0,no text (web page/spreadsheet)
9W7R3YYU,1602.html,0,0,0,0,0,0,0,0,0,0,0,no text (web page/spreadsheet)
38LUMK4Z,1704.html,0,0,0,0,0,0,0,0,0,0,0,no text (web page/spreadsheet)
KKZL8VKE,1908.html,0,0,0,0,0,0,0,0,0,0,0,no text (web page/spreadsheet)
49S9K7BJ,2005.html,0,0,0,0,0,0,0,0,0,0,0,no text (web page/spreadsheet)
24WTNCDN,2006.html,0,0,0,0,0,0,0,0,0,0,0,no text (web page/spreadsheet)
NLBC7KE3,202010_ISCAS_presentation.pdf,13458,0,0,0,0,0,0,0,0,0,0,
V5TCL8AA,2102.html,0,0,0,0,0,0,0,0,0,0,0,no text (web page/spreadsheet)
2ETZASGI,2109.html,0,0,0,0,0,0,0,0,0,0,0,no text (web page/spreadsheet)
NRYAR7L8,2212.html,0,0,0,0,0,0,0,0,0,0,0,no text (web page/spreadsheet)
TKRP6CAX,2406.html,0,0,0,0,0,0,0,0,0,0,0,no text (web page/spreadsheet)
8Z7IIYH9,2408.html,0,0,0,0,0,0,0,0,0,0,0,no text (web page/spreadsheet)
WKHPTYX6,2409.html,0,0,0,0,0,0,0,0,0,0,0,no text (web page/spreadsheet)
8XBV6D44,2501.html,0,0,0,0,0,0,0,0,0,0,0,no text (web page/spreadsheet)
2NT33DF4,3676536.html,0,0,0,0,0,0,0,0,0,0,0,no text (web page/spreadsheet)
URR9AP7Q,4066548.html,0,0,0,0,0,0,0,0,0,0,0,no text (web page/spreadsheet)
SFF99Q5B,4802475.html,0,0,0,0,0,0,0,0,0,0,0,no text (web page/spreadsheet)
V68N6G6I,7551379.html,0,0,0,0,0,0,0,0,0,0,0,no text (web page/spreadsheet)
NUIZPP5T,7551380.html,0,0,0,0,0,0,0,0,0,0,0,no text (web page/spreadsheet)
JNIUM9FH,7987530.html,0,0,0,0,0,0,0,0,0,0,0,no text (web page/spreadsheet)
GTF5D2VW,8267253.html,0,0,0,0,0,0,0,0,0,0,0,no text (web page/spreadsheet)
UME7SVAK,85116902814.html,0,0,0,0,0,0,0,0,0,0,0,no text (web page/spreadsheet)
SPD848BT,8852139.html,0,0,0,0,0,0,0,0,0,0,0,no text (web page/spreadsheet)
7ZLDRR7B,8993452.html,0,0,0,0,0,0,0,0,0,0,0,no text (web page/spreadsheet)
4A2CQXDZ,9048704.html,0,0,0,0,0,0,0,0,0,0,0,no text (web page/spreadsheet)
23SIKTN8,9073840.html,0,0,0,0,0,0,0,0,0,0,0,no text (web page/spreadsheet)
QI7JQG3M,9108150.html,0,0,0,0,0,0,0,0,0,0,0,no text (web page/spreadsheet)
MIF6GK2C,9368978.html,0,0,0,0,0,0,0,0,0,0,0,no text (web page/spreadsheet)
9HEMBUF9,9401226.html,0,0,0,0,0,0,0,0,0,0,0,no text (web page/spreadsheet)
AZYCJVYS,9620380.html,0,0,0,0,0,0,0,0,0,0,0,no text (web page/spreadsheet)
VRUKIDGU,9720543.html,0,0,0,0,0,0,0,0,0,0,0,no text (web page/spreadsheet)
U98KL62J,9840507.html,0,0,0,0,0,0,0,0,0,0,0,no text (web page/spreadsheet)
YAHRMZD7,9933119.html,0,0,0,0,0,0,0,0,0,0,0,no text (web page/spreadsheet)
IUAVLXCW,?,0,0,0,0,0,0,0,0,0,0,0,no text (web page/spreadsheet)
W2DVQEBA,?,0,0,0,0,0,0,0,0,0,0,0,no text (web page/spreadsheet)
XQ7AGQZD,?,0,0,0,0,0,0,0,0,0,0,0,no text (web page/spreadsheet)
BAWQT7V5,ADCsurvey_latest.xlsx,0,0,0,0,0,0,0,0,0,0,0,no text (web page/spreadsheet)
KBENNV6H,A_Low_Power_8-bit_2b_Cycle_SAR_ADC_with_Multiple_Calibration_Techniques.pdf,16615,0,0,0,0,0,0,0,0,0,0,
FDA8BWI3,Agrawal et al. - 2023 - A Switched-Capacitor Integer Compute Unit with Decoupled Storage and Arithmetic for Cloud AI Inferen.pdf,11916,0,0,0,0,0,0,0,0,0,2,
MT6QMLZQ,Antonyan et al. - 2018 - Embedded MRAM Macro for eFlash Replacement.pdf,14946,0,0,0,0,0,0,42,0,0,0,
HRVKWXFE,Baert and Dehaene - 2020 - A 5-GSs 7.2-ENOB Time-Interleaved VCO-Based ADC Achieving 30.5 fJcs.pdf,56233,0,0,0,0,0,0,0,0,0,0,
K62YVPKD,Bankman et al. - 2019 - RRAM-Based In-Memory Computing for Embedded Deep N.pdf,23229,0,0,0,4,0,60,0,0,0,2,
LSK4J5IH,Biyani et al. - 2026 - SABCIM Self-Adaptive Biasing Scheme for Accurate and Efficient Analog Compute-in-Memory.pdf,39884,0,0,0,7,0,22,0,4,0,1,
B5UZBNVS,Borkar et al. - 2004 - Design and reliability challenges in nanometer tec.pdf,5189,0,0,0,0,0,0,0,0,0,2,
RW5QULWX,Brown et al. - 2020 - Language Models are Few-Shot Learners.pdf,236744,0,0,0,0,0,0,0,0,0,0,
ZW7Q9YL9,Cai et al. - 2023 - 33.4 A 28nm 2Mb STT-MRAM Computing-in-Memory Macro with a Refined Bit-Cell and 22.4 - 41.5TOPSW for.pdf,10561,0,0,0,2,0,0,29,0,0,0,
PF4Y8UDX,Caselli et al. - 2021 - Charge Sharing and Charge Injection AD Converters for Analog In-Memory Computing.pdf,19588,0,0,0,0,0,1,8,0,0,14,
W9HPK33I,Chang et al. - 2022 - A 40nm 60.64TOPSW ECC-Capable Compute-in-MemoryDigital 2.25MB768KB RRAMSRAM System with Embedded.pdf,12589,0,0,0,0,0,34,0,0,0,7,
UNSS3RIK,Chaput et al. - 2018 - An Area-Efficient 8-Bit Single-Ended ADC With Extended Input Voltage Range.pdf,22800,0,0,0,0,0,0,0,0,0,0,
XTBHND7L,Chen and Lin - 2011 - Variability of resistive switching memories and it.pdf,17943,0,0,0,0,0,24,0,0,0,0,
N5ZPJ49U,Chen et al. - 2009 - Highly scalable hafnium oxide memory with improvem.pdf,17396,0,0,0,0,0,14,0,0,0,0,
VZS57K8S,Chen et al. - 2022 - A Survey on Analog-to-Digital Converter Integrated Circuits for Miniaturized High Resolution Ultraso.pdf,63096,0,0,0,0,1,0,0,0,0,0,
IUDRULMX,Chen et al. - 2023 - Multi-gate FeFET Discriminates Spatiotemporal Puls.pdf,17564,0,0,0,0,0,0,0,0,0,0,
N3GMHA88,Chen et al. - 2023 - SAMBA Single-ADC Multi-Bit Accumulation Compute-i.pdf,52175,0,0,0,4,0,3,4,0,3,56,
4YICUGCM,Chiu et al. - 2023 - A 22nm 8Mb STT-MRAM Near-Memory-Computing Macro wi.pdf,12204,0,0,0,0,0,3,14,0,0,0,
NKQJSLY2,Degraeve et al. - 2015 - Causes and consequences of the stochastic aspect of filamentary RRAM.pdf,27664,0,0,0,0,0,45,0,1,0,0,
STMXPPBP,Ding et al. - 2017 - A 46 mu textW 13 b 6.4 MSs SAR ADC With Background Mismatch and Offset Calibration.pdf,44063,0,0,0,0,0,0,0,0,0,0,
9SEHEFEB,Ding et al. - 2024 - Experimental Demonstration of Non-Volatile Boolean Logic With Field Configurable 1FeFET-1RRAM Techno.pdf,20705,0,0,0,0,0,31,0,0,77,0,
NZ23Z87M,Diware et al. - 2021 - Unbalanced Bit-slicing Scheme for Accurate Memrist.pdf,20251,0,3,0,0,0,22,0,0,0,0,
NBWQSJN7,Diware et al. - 2025 - Hardware-Aware Quantization for Accurate Memristor-Based Neural Networks.pdf,47627,0,0,0,5,0,17,0,1,0,0,
YQBZPU7N,Fawzi et al. - 2022 - Discovering faster matrix multiplication algorithm.pdf,73670,0,0,0,0,0,0,0,0,0,0,
UG5M6GAY,Friedman and Mulligan - 1997 - Ramp Input Response of RC Tree Networks.pdf,12358,0,0,0,0,0,0,0,0,0,0,
7FKLC2DR,Garg et al. - 2026 - A 28-nm FeFET Compute-in-Memory Macro With 64#U00d764 Array Size and On-Chip 4-Bit Flash ADC.pdf,18632,0,0,0,3,0,11,0,0,53,0,
WUD2MYH3,Garg et al. - 2026 - A 28-nm FeFET Compute-in-Memory Macro With 64#U00d764 Array Size and On-Chip 4-Bit Flash ADC.pdf,18632,0,0,0,3,0,11,0,0,53,0,
GGQIIZKK,Gholami et al. - 2024 - AI and Memory Wall.pdf,26680,0,0,0,0,0,0,0,0,0,0,
7IHI6UMQ,Ghosh and Roy - 2010 - Parameter Variation Tolerance and Error Resiliency New Design Paradigm for the Nanoscale Era.pdf,167713,0,0,0,0,0,0,0,0,0,75,
Y3T633HL,Guo et al. - 2021 - AlgorithmHardware Co-Design Configurable SAR ADC with Low Power for Computing-in-Memory in 28nm CMO.pdf,15990,0,0,0,0,0,1,1,0,0,1,
D5MKVRJJ,Hajri et al. - 2019 - RRAM Device Models A Comparative Analysis With Ex.pdf,52019,0,0,0,0,0,124,1,2,0,1,
KVESWW3M,Haron and Hamdioui - 2008 - Why is CMOS scaling coming to an END.pdf,30736,0,0,0,0,0,0,0,0,0,0,
B2Q96DF6,Harpe - 2022 - Low-Power SAR ADCs Basic Techniques and Trends.pdf,41357,0,0,0,0,0,0,0,0,0,0,
YMHR5LXS,Hemaram and Tripathi - 2021 - Optimal Design of a Decoupling Network Using Variants of Particle Swarm Optimization Algorithm.pdf,24537,0,0,0,0,0,0,0,0,0,0,
EQMB3JA8,Hodgkin and Huxley - 1952 - Currents carried by sodium and potassium ions thro.pdf,59705,0,0,0,0,0,0,0,0,0,0,
JAIEFPCA,Hsu et al. - 2019 - AI Edge Devices Using Computing-In-Memory and Proc.pdf,15281,0,0,0,1,0,3,0,0,0,5,
WGGBEAIK,Hu et al. - 2014 - A 0.6V 6.4fJconversion-step 10-bit 150MSs subranging SAR ADC in 40nm CMOS.pdf,16699,0,0,0,0,0,0,0,0,0,0,
QXH3HNNN,Huang and Wu - 2024 - A 0.7-V 9-bit 2-MSs SAR ADC with a novel energy-efficient switching methodology in 40-nm CMOS.pdf,21975,0,0,0,0,0,0,0,0,0,0,
XDM469LG,Huang et al. - 2013 - A 10b 200MSs 0.82mW SAR ADC in 40nm CMOS.pdf,15916,0,0,0,0,0,0,0,0,0,0,
M5UQRFYG,Huang et al. - 2021 - A high-speed low-power SAR ADC in 40nm CMOS with combined energy-efficient techniques.pdf,23807,0,0,0,0,0,0,0,0,0,0,
2MW2GTHZ,Huang et al. - 2022 - A 9-bit 500-MSs 2-then-1bcycle SAR ADC with Dynamic Background Offset Calibration Technique.pdf,18406,0,0,0,0,0,0,0,0,0,0,
IYG7EFWL,Hung et al. - 2022 - An 8-Mb DC-Current-Free Binary-to-8b Precision ReRAM Nonvolatile Computing-in-Memory Macro using Tim.pdf,11803,0,0,0,1,0,10,0,0,0,1,
UWFR9HXI,Jacob et al. - 2023 - A Nonvolatile Compute-in-Memory Macro Using Voltage-Controlled MRAM and In Situ Magnetic-to-Digital.pdf,42093,0,0,0,0,0,20,154,0,0,19,
95U7HQTC,Jang et al. - 2024 - Compute-in-Memory with SAR ADC and 2T1C DRAM for MAC Operations.pdf,12729,0,0,0,0,0,0,0,0,0,1,
LSVA2YAD,Jiang et al. - 2022 - Analog-to-Digital Converter Design Exploration for Compute-in-Memory Accelerators.pdf,29659,0,0,0,1,0,3,0,0,9,9,
T5SB7RNG,Jiang et al. - 2022 - Asymmetric Double-Gate Ferroelectric FET to Decouple the Tradeoff Between Thickness Scaling and Memo.pdf,13888,0,0,0,0,0,0,0,0,30,0,
28HKJ23Q,Jiang et al. - 2026 - RARPIM A Robust and Adaptive 1FeFET-1T-1C based Compute-in-Memory Macro with Capacitor Reused Pipel.pdf,87886,0,0,0,0,0,15,0,2,102,3,
JUF2QRE7,Jo et al. - 2020 - A 40-nm CMOS 7-b 32-GSs SAR ADC With Background Channel Mismatch Calibration.pdf,23447,0,0,0,0,0,0,0,0,0,0,
YH922YCU,"Kar et al. - 2025 - Ferroelectric Digital In-Memory Computing for Scalable, Reliable, and Efficient Similarity Computati.pdf",66567,0,0,0,0,0,10,11,0,162,1,
QK2QCKMQ,Kazemi et al. - 2020 - In-Memory Nearest Neighbor Search with FeFET Multi.pdf,35477,0,0,0,0,0,2,0,0,83,0,
ZTPDQ792,"Khoshavi et al. - 2017 - Contemporary CMOS aging mitigation techniques Survey, taxonomy, and methods.pdf",84944,0,0,0,0,0,0,0,0,0,0,
DQYKSYHT,"Khwa et al. - 2022 - A 40-nm, 2M-Cell, 8b-Precision, Hybrid SLC-MLC PCM.pdf",10751,0,0,0,0,0,5,0,11,0,1,
X97D62GK,"Khwa et al. - 2022 - A 40-nm, 2M-Cell, 8b-Precision, Hybrid SLC-MLC PCM.pdf",10760,0,0,0,0,0,5,0,11,0,1,
IE8XF42W,Kim and Lee - 2024 - Ferroelectric Transistor With Grooved Structure for Reliable Multi-Level Characteristics.pdf,19318,0,0,0,0,0,0,0,0,95,0,
JY6BI48W,Kim et al. - 2015 - A technology-agnostic MTJ SPICE model with user-de.pdf,24566,0,0,0,0,0,0,96,0,0,0,
XIJYDJAB,Kim et al. - 2019 - Ferroelectric Hf0.5Zr0.5O2 Thin Films A Review of Recent Advances.pdf,42013,0,0,0,0,0,0,0,1,80,0,
3QN47JCH,Kim et al. - 2022 - A 430-MSs 7-b Asynchronous SAR ADC With a 40 fF Input Sampling Capacitor.pdf,7969,0,0,0,0,0,0,0,0,0,0,
CTLA2T9Q,Kim et al. - 2024 - Engineering nvCap From FEOL to BEOL with Ferroelectric Small-signal Non-destructive Read.pdf,19229,0,0,0,0,0,1,1,2,48,0,
4B5MZNX7,Kneip et al. - 2023 - IMPACT A 1-to-4b 813-TOPSW 22-nm FD-SOI Compute-.pdf,73552,0,0,0,0,0,0,0,1,0,79,
22GLBQ6T,Krizhevsky et al. - 2017 - ImageNet classification with deep convolutional ne.pdf,35340,0,0,0,5,0,0,0,0,0,0,
6UBK6Q6Z,Kull et al. - 2013 - A 3.1 mW 8b 1.2 GSs Single-Channel Asynchronous S.pdf,49490,0,0,0,0,0,0,0,0,0,0,
9LZ4RL9E,Kull et al. - 2013 - A 3.1 mW 8b 1.2 GSs Single-Channel Asynchronous S.pdf,49440,0,0,0,0,0,0,0,0,0,0,
R6MWWCXF,Kull et al. - 2013 - A 3.1mW 8b 1.2GSs single-channel asynchronous SAR ADC with alternate comparators for enhanced speed.pdf,10714,0,0,0,0,0,0,0,0,0,0,
VW2VN5VW,Kull et al. - 2018 - A 24-to-72GSs 8b time-interleaved SAR ADC with 2.0-to-3.3pJconversion and 30dB SNDR at nyquist in.pdf,10388,0,0,0,0,0,0,0,0,0,0,
IIJ2QT7P,Laguna et al. - 2022 - Hardware-Software Co-Design of an In-Memory Transformer Network Accelerator.pdf,107941,0,0,0,0,0,14,2,2,96,3,
RLIHXGRR,Lecun et al. - 1998 - Gradient-based learning applied to document recogn.pdf,244036,0,0,0,0,0,0,0,0,0,0,
T8JNXPTJ,Lefebvre and Bol - 2024 - A 2.5-nA Area-Efficient Temperature-Independent 17.pdf,76797,0,0,0,0,0,0,0,0,0,0,
IEM7RY5T,Lefebvre and Bol - 2024 - A nA-Range Area-Efficient Sub-100-ppm$^circ$C Pe.pdf,70766,0,0,0,0,0,0,0,0,0,0,
6BMEB6R2,Li and Chan - 2022 - A CMOS Voltage Reference with Output Voltage Doubl.pdf,38796,0,0,0,0,0,0,0,0,0,0,
VPQP3RNF,Li et al. - 2017 - Enabling Energy-Efficient Nonvolatile Computing With Negative Capacitance FET.pdf,37384,0,0,0,0,0,11,4,0,27,1,
UP5XPHU2,Li et al. - 2020 - A 7-bit 900-MSs 2-Then-3-bitcycle SAR ADC With Background Offset Calibration.pdf,52664,0,0,0,0,0,0,0,0,0,0,
LCWFQGHT,Li et al. - 2020 - A SAR ADC with Reduced kTC Noise by Decoupling Noise PSD and BW.pdf,8266,0,0,0,0,0,0,0,0,0,0,
Q5A7XVB9,Li et al. - 2021 - A 40nm RRAM Compute-in-Memory Macro Featuring On-Chip Write-Verify and Offset-Cancelling ADC Referen.pdf,20965,0,0,0,5,0,48,2,0,0,0,
4QVLYPAD,Li et al. - 2024 - A Compute-in-Memory Macro Based on Complementary 2T2C FeRAM Cell for BNNs.pdf,14807,0,0,0,0,0,3,0,0,4,2,
VX7CDDPG,Li et al. - 2025 - A 28nm RRAM-Based 17.0 TOPS  mm2 and 89.7 TOPSW Compute-In-Memory Macro Enabled by Source-Follower.pdf,19139,0,0,0,1,0,17,0,2,0,0,
QZDTXI9Y,Lin et al. - 2019 - Current mirror-based compensation circuit for mult.pdf,16136,0,0,0,0,0,0,0,0,0,13,
MG4XEXT3,Lin et al. - 2025 - An 8-bit 1.16 mw 500 mss SAR ADC with bidirectional-bit-distribution-based offset calibration and p.pdf,27106,0,0,0,0,0,0,0,0,0,0,
6SUL5AGE,Liu et al. - 2020 - 16.5 A 13b 0.005mm2 40MSs SAR ADC with kTC Noise Cancellation.pdf,10677,0,0,0,0,0,0,0,0,0,0,
5PGKXWNC,Liu et al. - 2023 - 16.2 A 28nm 53.8TOPSW 8b Sparse Transformer Accelerator with In-Memory Butterfly Zero Skipper for U.pdf,12457,0,0,0,0,1,0,0,0,0,1,
DP4N84A5,Liu et al. - 2023 - Recent Progress and Applications of HfO2-Based Ferroelectric Memory.pdf,41409,0,0,0,0,0,1,2,0,188,0,
UFMF7RM4,Liu et al. - 2024 - A Low-OSR 5th-Order Noise Shaping SAR ADC Using EF-EF-CIFF Structure with PVT-Robust Differential V-.pdf,16017,0,0,0,0,0,0,0,0,0,0,
CQIFZKNJ,Lu et al. - 2022 - First Demonstration of Dual-Gate IGZO 2T0C DRAM wi.pdf,23945,0,0,0,0,0,0,0,0,0,0,
TK74GCMF,Luo and Sun - 2024 - Addition is All You Need for Energy-efficient Lang.pdf,45117,0,0,0,0,0,0,0,0,0,1,
4687EI7K,Luu et al. - 2018 - A 12-bit 300-MSs SAR ADC With Inverter-Based Prea.pdf,52433,0,0,0,0,0,0,0,0,0,0,
RZB2K6QH,Ma and Gong - 2019 - Retention and Endurance of FeFET Memory Cells.pdf,20750,0,0,0,0,0,0,0,0,66,0,
KW8YK8MD,Marchand et al. - Explore multi-bit memory based on ferroelectric tr.pdf,25921,0,0,0,0,0,1,2,0,67,0,
964Y6HKU,Meihar et al. - 2024 - FeFET-Based MirrorBit Cell for High-Density NVM St.pdf,27320,0,0,0,0,0,0,0,0,70,0,
RT4LZ898,"Meihar et al. - 2024 - Ferroelectric MirrorBit-Integrated Field-Programmable Memory Array for the TCAM, Storage, and In-Mem.pdf",32645,0,0,0,0,0,2,1,0,54,2,
ZV2VSP7E,Meng and Lu - 2024 - Compute-In-Memory Technologies for Deep Learning Acceleration.pdf,36744,0,0,0,0,0,35,1,1,1,47,
XHU4TGLT,Monga et al. - 2023 - Design of a tunable delay line with on-chip calibration to generate process-invariant PWM signal for.pdf,34662,0,0,0,0,0,0,0,0,0,3,
Q2LKFADH,Moradifirouzabadi et al. - 2024 - An Analog and Digital Hybrid Attention Accelerator for Transformers with Charge-based In-memory Comp.pdf,27392,0,0,0,0,0,0,0,0,0,13,
EGK95HT4,Murmann - 2013 - Digitally assisted data converter design.pdf,52258,0,0,0,0,1,0,0,0,0,0,
7FSANJWQ,Nagumo et al. - 1962 - An Active Pulse Transmission Line Simulating Nerve.pdf,30600,0,0,0,0,0,0,0,0,0,0,
2UURSXDX,Nasrin et al. - 2023 - Memory-Immersed Collaborative Digitization for Area-Efficient Compute-in-Memory Deep Learning.pdf,23770,0,0,0,0,0,2,0,0,0,19,
LRKRSVPC,Ni et al. - 2018 - A Circuit Compatible Accurate Compact Model for Fe.pdf,12902,0,0,0,0,0,0,0,0,54,0,
DCD54IIS,Ni et al. - 2018 - In-Memory Computing Primitive for Sensor Data Fusion in 28 nm HKMG FeFET Technology.pdf,22031,0,0,0,0,0,0,0,6,51,0,
W474SWIP,"Ni#U017eeti#U0107 et al. - 2020 - Internet of Things (IoT) Opportunities, issues an.pdf",158063,0,0,0,0,0,0,0,0,0,1,
EZP3Z4M4,Novel_Strategies_Toward_High-Performance_FeFET_for_Computing_In_Memory_Application.pdf,8815,0,0,0,0,0,0,0,0,29,0,
WIGYP4WJ,Oh et al. - 2021 - Energy-efficient charge sharing-based 8T2C SRAM in.pdf,10873,0,0,0,0,0,1,0,0,0,35,
3Q8KYVM7,Okuno et al. - 2022 - Demonstration of Fatigue and Recovery Phenomena in Hf0.5Zr0.5O2-based 1T1C FeRAM Memory Arrays.pdf,10025,0,0,0,0,0,1,1,1,11,1,
24K5I2KR,Parmar et al. - 2023 - Demonstration of Differential Mode FeFET-Array for multi-precision storage and IMC applications.pdf,9715,0,0,0,5,0,0,0,0,30,0,
XKWJRLFB,Ragab and Sun - 2016 - A 1.4mW 8b 350MSs loop-unrolled SAR ADC with background offset calibration in 40nm CMOS.pdf,16537,0,0,0,0,0,0,0,0,0,0,
S8BWJYSA,Raman et al. - 2021 - Compute-in-eDRAM with Backend Integrated Indium Gallium Zinc Oxide Transistors.pdf,22848,0,0,0,6,0,1,1,1,1,8,
F2N535FH,Ramesh et al. - 2021 - Zero-Shot Text-to-Image Generation.pdf,70841,0,0,0,0,0,0,0,0,0,0,
CEYNXX3I,Razavi - 2015 - The StrongARM Latch [A Circuit for All Seasons].pdf,20501,0,0,0,0,0,0,0,0,0,0,
WW4RKSPR,Roadmap-on-ferroelectric-hafnia-and-zirconia-based.html,0,0,0,0,0,0,0,0,0,0,0,no text (web page/spreadsheet)
B45QS8X2,Roy et al. - 2023 - Compute SNR-boosted 22 nm MRAM-based In-memory Com.pdf,18011,0,0,0,5,0,4,21,2,0,1,
GD3NPJF2,Rubinstein et al. - 1983 - Signal Delay in RC Tree Networks.pdf,6607,0,0,0,0,0,0,0,0,0,0,
8CDWA26B,S0167926017300755.html,0,0,0,0,0,0,0,0,0,0,0,no text (web page/spreadsheet)
4DUTVILC,S0167926017301876.html,0,0,0,0,0,0,0,0,0,0,0,no text (web page/spreadsheet)
5UM5R5CV,S0167931715002348.html,0,0,0,0,0,0,0,0,0,0,0,no text (web page/spreadsheet)
TLJIIQFB,S0218126619502268.html,0,0,0,0,0,0,0,0,0,0,0,no text (web page/spreadsheet)
4UT8PXL3,S0893608007002705.html,0,0,0,0,0,0,0,0,0,0,0,no text (web page/spreadsheet)
JPKU8XE5,S1434841125001244.html,0,0,0,0,0,0,0,0,0,0,0,no text (web page/spreadsheet)
SZ5C59F2,S1879239125000980.html,0,0,0,0,0,0,0,0,0,0,0,no text (web page/spreadsheet)
C9VMZCN4,S2773064623000257.html,0,0,0,0,0,0,0,0,0,0,0,no text (web page/spreadsheet)
NAVIGUAA,Saberi et al. - 2011 - Analysis of Power Consumption and Linearity in Capacitive Digital-to-Analog Converters Used in Succe.pdf,57885,0,0,0,0,0,0,0,0,0,0,
QVZRG9FC,Sarangi and Baas - 2021 - DeepScaleTool A Tool for the Accurate Estimation of Technology Scaling in the Deep-Submicron Era.pdf,20537,0,0,0,0,0,0,0,0,0,0,
DDZHZAJE,Saxena et al. - 2022 - Towards ADC-Less Compute-In-Memory Accelerators fo.pdf,20527,0,0,0,9,0,3,0,0,0,0,
YY4FMTYV,Seshadri et al. - 2017 - Ambit in-memory accelerator for bulk bitwise oper.pdf,93173,0,0,0,0,0,1,0,2,0,3,
SJ23V2SW,Shanbhag and Roy - 2022 - Benchmarking In-Memory Computing Architectures.pdf,71747,0,0,0,1,0,11,3,4,5,73,
ADAZAMTJ,Sharma et al. - 2021 - Common-Centroid Layouts for Analog Circuits Advantages and Limitations.pdf,34389,0,0,0,0,0,0,0,0,0,0,
RHUDMYII,Sheu et al. - 2009 - A 5ns fast write multi-level non-volatile 1 K bits.pdf,7127,0,0,0,0,0,21,0,0,0,0,
TBDZF5XU,Shevgoor et al. - 2015 - Improving memristor memory with sneak current shar.pdf,45695,0,0,0,0,0,12,8,11,0,0,
XPWJXUBY,Shi and Chu - 2017 - Speeding up Convolutional Neural Networks By Exploiting the Sparsity of Rectifier Units.pdf,20652,0,0,0,4,0,0,0,0,0,1,
3CJN76AG,Shinoda et al. - 2024 - Pitch Scaling Prospect of Ultra-Small Magnetic Tunnel Junctions for High-Density STT-MRAM Effects o.pdf,23674,0,0,0,0,0,0,100,0,0,0,
FHBGSGA7,Silver et al. - 2017 - Mastering the game of Go without human knowledge.pdf,92314,0,0,0,0,0,0,0,0,0,0,
7GKUA4W4,Singh et al. - 2018 - A review of near-memory computing architectures O.pdf,57300,0,0,0,0,0,0,1,6,0,1,
2VRXJRVG,Singh et al. - 2022 - Referencing-in-Array Scheme for RRAM-based CIM Arc.pdf,30382,0,0,0,0,0,48,2,0,1,0,
N2Z95LDF,Singh et al. - 2025 - Energy-Efficient Multi-Operand XOR Logic-Based CIM Accelerator using RRAM technology.pdf,42895,0,0,0,0,0,41,4,0,2,0,
WT9DZNI7,Soliman et al. - 2020 - Ultra-Low Power Flexible Precision FeFET Based Analog In-Memory Computing.pdf,17807,0,0,0,1,0,1,0,0,31,3,
HETR25BF,Spetalnick et al. - 2022 - A 40nm 64kb 26.56TOPSW 2.37Mbmm2RRAM BinaryCompute-in-Memory Macro with 4.23x Improvement in Dens.pdf,12031,0,0,0,0,0,24,0,0,0,0,
8WQ26QSX,Spetalnick et al. - 2023 - A 2.38 MCellsmm2 9.81 -350 TOPSW RRAM Compute-in-Memory Macro in 40nm CMOS with Hybrid OffsetIOFF.pdf,14100,0,0,0,0,0,20,0,0,0,0,
6CFNKKQ3,Stillmaker and Baas - 2017 - Scaling equations for the accurate prediction of CMOS device performance from 180 #U00a0 nm to 7 #U00a0 nm.pdf,38938,0,0,0,0,0,0,0,0,0,0,
Q6V45XNK,Tang et al. - 2016 - A 10-b 750#U00b5W 200MSs fully dynamic single-channel SAR ADC in 40nm CMOS.pdf,17225,0,0,0,0,0,0,0,0,0,0,
Z2A4KFF2,Tang et al. - 2021 - 27.4 A 0.4-to-40MSs 75.7dB-SNDR Fully Dynamic Event-Driven Pipelined ADC with 3-Stage Cascoded Floa.pdf,10598,0,0,0,0,0,0,0,0,0,0,
NDJFN979,Tang et al. - 2022 - Low-Power SAR ADC Design Overview and Survey of S.pdf,80861,0,0,0,0,0,0,0,0,0,0,
W4GS285B,Tang et al. - 2022 - Low-Power SAR ADC Design Overview and Survey of State-of-the-Art Techniques.pdf,80805,0,0,0,0,0,0,0,0,0,0,
VLM7QQTB,Thirumala and Gunta - 2018 - Gate Leakage in Non-Volatile Ferroelectric Transistors Device-Circuit Implications.pdf,7549,0,0,0,0,0,0,0,0,27,0,
4AM88QVY,Thirumala et al. - 2018 - Dual Mode Ferroelectric Transistor based Non-Volatile Flip-Flops for Intermittently-Powered Systems.pdf,35455,0,0,0,0,0,1,0,0,99,0,
34GX2XQI,Toprasertpong et al. - 2022 - Memory Window in Ferroelectric Field-Effect Transistors Analytical Approach.pdf,37334,0,0,0,0,0,0,0,0,155,0,
WCYCXN6V,Vaidya et al. - 2022 - A three-terminal non-volatile ferroelectric switch.pdf,30084,0,0,0,0,0,1,0,0,83,0,
IUMXUKFX,Verma et al. - 2019 - In-Memory Computing Advances and Prospects.pdf,57084,0,0,0,2,1,6,7,3,0,19,
7WEMAVKL,Wan et al. - 2020 - A Voltage-Mode Sensing Scheme with Differential-Row Weight Mapping for Energy-Efficient RRAM-Based I.pdf,13614,0,0,0,0,0,14,0,0,0,0,
3AKVEJPX,Wang et al. - 2024 - 34.1 A 28nm 83.23TFLOPSW POSIT-Based Compute-in-M.pdf,13359,0,0,0,0,0,0,0,0,0,3,
YUNIRZ2B,Wei et al. - 2025 - A 28-nm Static-Power-Free Fully Parallel RRAM-Based TD CIM Macro With 1982 TOPSWBit for Edge Appli.pdf,19029,0,0,0,1,0,25,0,1,0,3,
X6QQN2ZQ,Wen et al. - 2024 - 34.8 A 22nm 16Mb Floating-Point ReRAM Compute-in-Memory Macro with 31.2TFLOPSW for AI Edge Devices.pdf,12010,0,0,0,0,0,24,3,1,0,1,
4ESU458S,Xiao et al. - 2012 - A 0.8 #U00b5W 8-bit 1.5#U223c20-pF-input-range capacitance-t.pdf,17831,0,0,0,0,0,0,0,0,0,0,
C6ZBB8B8,Xue et al. - 2019 - 24.1 A 1Mb Multibit ReRAM Computing-In-Memory Macro with 14.6ns Parallel MAC Computing Time for CNN.pdf,11209,0,0,0,1,0,16,0,0,0,1,
ZVUQK24N,Xue et al. - 2021 - 16.1 A 22nm 4Mb 8b-Precision ReRAM Computing-in-Memory Macro with 11.91 to 195.7TOPSW for Tiny AI E.pdf,10887,0,0,0,0,0,11,0,0,0,1,
RFBHTJH5,Yan et al. - 2024 - FeMPIM A FeFET-Based Multifunctional Processing-in-Memory Cell.pdf,22143,0,0,0,0,0,0,0,0,109,0,
75I2UR5G,Yao et al. - 2024 - A 28 nm RRAM-Based 81.1 TOPSmm2bit Compute-In-Memory Macro with Uniform and Linear 64 Read Channel.pdf,21388,0,0,0,1,0,21,0,4,0,0,
25G43T4G,Yasuda et al. - 2024 - Ultrafast high-endurance memory based on sliding ferroelectrics.pdf,25743,0,0,0,0,0,0,0,0,78,0,
4XFHJWUK,Yi et al. - 2025 - A Hybrid-Domain Floating-Point Compute-in-Memory A.pdf,25422,0,0,0,0,0,0,0,0,0,13,
QEYT2DXC,Yin et al. - 2024 - A 65nm 8b-Activation 8b-Weight SRAM-Based Charge-Domain Computing-in-Memory Macro Using A Fully-Para.pdf,24025,0,0,0,4,0,0,0,0,0,30,
33989WBF,Yoon et al. - 2021 - A 40nm 100Kb 118.44TOPSW Ternary-weight Computein.pdf,14062,0,0,0,2,0,63,0,0,0,1,
BC7KU7LY,Yoshioka et al. - 2015 - An 8 bit 0.3#U20130.8 V 0.2#U201340 MSs 2-bitStep SAR ADC With Successively Activated Threshold Configuring.pdf,57185,0,0,0,0,0,0,0,0,0,0,
5DVJX4Y2,"Zang et al. - 2023 - 282-to-607 TOPSW, 7T-SRAM Based CiM with Reconfig.pdf",20880,0,0,0,0,0,0,0,0,1,21,
ADF8KLBE,Zangeneh and Joshi - 2014 - Design and Optimization of Nonvolatile Multibit 1T.pdf,75468,0,0,0,0,0,169,3,1,0,5,
PT4MF3TL,Zeinali et al. - 2017 - Ultra-Fast SOT-MRAM Cell with STT Current for Dete.pdf,30730,0,0,0,0,0,0,233,0,0,0,
GFKFUXXX,Zha and Ye - 2025 - FeFET-Based Computing-in-Memory Unit Circuit and Its Application.pdf,41379,0,0,0,0,0,4,3,0,194,1,
B362LM5V,Zhang et al. - 2025 - A 500MSs 9-bit two-step SAR ADC with loop-unrolling.pdf,50488,0,0,0,0,1,0,0,0,0,0,
J799FC3P,Zhao et al. - 2011 - Design considerations and strategies for high-reli.pdf,20672,0,0,0,0,0,0,100,0,0,0,
P8VW8SGU,Zhou et al. - 2019 - Edge Intelligence Paving the Last Mile of Artificial Intelligence With Edge Computing.pdf,135013,0,0,0,0,0,0,0,0,0,0,
9DE4ILQA,Zhu et al. - 2026 - A BEOL Ferroelectric FET-based Computing Unit for Digital Computing-in-Memory.pdf,16158,0,0,0,0,0,7,1,2,49,2,
4U788AGD,Zurhelle et al. - 2020 - Dynamics of the spatial separation of electrons and mobile oxygen vacancies in oxide heterostructure.pdf,53209,0,0,0,0,0,0,0,0,0,0,
4QEEVMD7,adfm.html,0,0,0,0,0,0,0,0,0,0,0,no text (web page/spreadsheet)
9XLLU8LQ,el.2019.html,0,0,0,0,0,0,0,0,0,0,0,no text (web page/spreadsheet)
5TYEHR3V,ferroelectricity-in-doped-hafnium-oxide.html,0,0,0,0,0,0,0,0,0,0,0,no text (web page/spreadsheet)
V7L9Y8KV,myDATEpaper[937].pdf,35658,0,0,0,0,0,36,2,0,2,0,
TZKFEC8E,s44287-025-00187-1.html,0,0,0,0,0,0,0,0,0,0,0,no text (web page/spreadsheet)
WW8YDERG,www.zotero.org.html,0,0,0,0,0,0,0,0,0,0,0,no text (web page/spreadsheet)
R6E8PTB3,xls.html,0,0,0,0,0,0,0,0,0,0,0,no text (web page/spreadsheet)
